,business,entertainment,politics,sport,tech,unknown
business,0.7857142857142857,0.0,0.18452380952380953,0.0,0.02976190476190476,0.0
entertainment,0.38095238095238093,0.29304029304029305,0.29304029304029305,0.003663003663003663,0.029304029304029304,0.0
politics,0.058394160583941604,0.0,0.9343065693430657,0.0,0.0072992700729927005,0.0
sport,0.10982658959537572,0.0,0.1936416184971098,0.5115606936416185,0.028901734104046242,0.15606936416184972
tech,0.2222222222222222,0.0038314176245210726,0.01532567049808429,0.0,0.7586206896551724,0.0
unknown,0.0,0.0,0.0,0.0,0.0,0.0
